{
  "train_loss": [
    0.7046973193534697,
    0.6981642081681325,
    0.6960765970275057,
    0.6945122125172856,
    0.6954884954574534,
    0.695709431010866,
    0.6944568685008219
  ],
  "val_loss": [
    0.6899672383847444,
    0.6909309858861177,
    0.6907503915869672,
    0.6896619369154391,
    0.6982815848744434,
    0.6918865992971088,
    0.6904962406210278
  ],
  "val_f1": [
    0.7040498442367601,
    0.705305394560856,
    0.6581108829568788,
    0.6976954360596476,
    0.18461538461538463,
    0.6459183673469387,
    0.6908589802480478
  ],
  "val_auc": [
    0.49824411622413844,
    0.47951279205441244,
    0.5192046823567357,
    0.5076040866273941,
    0.4909284081315158,
    0.4917612908733886,
    0.4990580266939867
  ]
}